customer_id,age,income,city,education,credit_score,plan
C1001,23,28000,Bangalore,UG,610,Basic
C1002,24,30200,Mysore,UG,616,Standard
C1003,25,32400,Belgaum,PG,622,Premium
C1004,26,34600,Hubli,UG,628,Basic
C1005,27,36800,Mangalore,UG,634,Standard
C1006,28,39000,Bangalore,PG,640,Premium
C1007,29,41200,Mysore,UG,646,Basic
C1008,30,43400,Belgaum,UG,652,Standard
C1009,31,45600,Hubli,PG,658,Premium
C1010,32,47800,Mangalore,UG,664,Basic
C1011,33,50000,Bangalore,UG,670,Standard
C1012,34,52200,Mysore,PG,676,Premium
C1013,35,54400,Belgaum,UG,682,Basic
C1014,36,56600,Hubli,UG,688,Standard
C1015,37,58800,Mangalore,PG,694,Premium
C1016,38,61000,Bangalore,UG,700,Basic
C1017,39,63200,Mysore,UG,610,Standard
C1018,40,65400,Belgaum,PG,616,Premium
C1019,41,67600,Hubli,UG,622,Basic
C1020,42,69800,Mangalore,UG,628,Standard
C1021,23,72000,Bangalore,PG,634,Premium
C1022,24,74200,Mysore,UG,640,Basic
C1023,25,76400,Belgaum,UG,646,Standard
C1024,26,78600,Hubli,PG,652,Premium
C1025,27,80800,Mangalore,UG,658,Basic
C1026,28,83000,Bangalore,UG,664,Standard
C1027,29,85200,Mysore,PG,670,Premium
C1028,30,87400,Belgaum,UG,676,Basic
C1029,31,89600,Hubli,UG,682,Standard
C1030,32,91800,Mangalore,PG,688,Premium